{"cameraMode":{"drawMode":0,"name":"Shaded","section":"Shading Mode"},"sceneLighting":true,"audioPlay":false,"sceneViewState":{"showFog":true,"showMaterialUpdate":true,"showSkybox":true,"showFlares":true,"showImageEffects":true,"showParticleSystems":true},"in2DMode":false,"pivot":{"x":-0.9989044070243836,"y":0.9647345542907715,"z":3.4061973094940187},"rotation":{"x":-0.09865515679121018,"y":-0.8979116082191467,"z":0.25747156143188479,"w":-0.34347203373908999},"size":6.929910182952881,"orthographic":false}