{"cameraMode":{"drawMode":0,"name":"Shaded","section":"Shading Mode"},"sceneLighting":true,"audioPlay":false,"sceneViewState":{"showFog":true,"showMaterialUpdate":true,"showSkybox":true,"showFlares":true,"showImageEffects":true,"showParticleSystems":true},"in2DMode":false,"pivot":{"x":0.06312048435211182,"y":0.7850765585899353,"z":-5.220089912414551},"rotation":{"x":-0.04574769362807274,"y":-0.9521290063858032,"z":0.24544280767440797,"w":-0.17706629633903504},"size":3.1405539512634279,"orthographic":false}